Customer_ID,First_Name,Last_Name,Gender,Membership,Date_of_Birth,Email,Password_Hash
CU2888,Victoria,Johnson,male,yes,2000-03-26,jacquelinesherman@example.com,d779b184dfe67d74f5f8c827a9649a746148a2390a30273927dc91c94f8345b0
CU1681,Julie,Edwards,female,no,1936-05-10,wendyedwards@example.net,f85ad984fd9c7e46a45a22f329cf61e8cc7751f1b4bb6f3db4adffe8da06b24f
CU5193,Daniel,Schmidt,male,yes,1938-07-05,james51@example.com,e2b50ea9189085a109e365ed29ffe21da9832feb95cea0492a85662d362161b4
CU3295,Nicole,Wiley,male,no,1969-03-19,robert07@example.org,1efc8356ce4d5caaec9638e3707c7acbabf612910fd791dc8a2e8d9496d7722d
CU4368,James,Hanson,male,yes,1967-12-29,huntertyler@example.net,b77ac2d9fbb2d33307c758846916e5042140ec19aeadb74be7cee3f1d10ffd00
CU3772,Joseph,Diaz,male,yes,1974-07-19,gbailey@example.org,a53706f5d1a8a389cf82f2afb24dcca25e4ed039697a2a65dbc17c4e5c70f4c4
CU0466,Matthew,Johnson,female,yes,1938-10-05,whitetimothy@example.net,a556c432283a96b9b2ad737d8ac1b132891d37bc3f35215675b1477662e1ea35
CU3646,Kayla,Gibbs,male,no,1963-07-06,ygray@example.org,69d92adb0db705640c234390730cfb3a29d3e82a8dcbf56c9a6273691473e349
CU8875,Michael,Flores,female,yes,2003-02-04,vbrown@example.com,4d509732ffd72396919b4e35b37b81945a153f686840b80db136d0268b59affd
CU3724,Dennis,Collins,female,yes,1957-08-08,aglenn@example.com,1d8d3996f4d43b4537bdcf2c9787988cd1091270da61df09d61d537c1fa2d502
CU2943,Robert,Carpenter,male,no,1981-08-22,uchavez@example.net,587ae62319b7eef80c28ff442c30e6ae4ed929420268e106eedd0864f624c9b8
CU7475,Olivia,Franklin,male,yes,1993-01-18,christopher13@example.com,6af26a94fe244b32b88472c44911a106efd53dfb637a644f58f6b9a3dfe9a4e3
CU2942,Christopher,Sullivan,male,no,1997-04-04,oliveralexis@example.org,88e3cafe686984093fa5cb784057109491183d049fd8cf29d99ba24c41675c52
CU4993,Rebecca,Richardson,female,yes,1953-02-28,darrellkidd@example.net,4ef644bdc7c62bd0ea2ddf88c79e0e30e1888b3e2d550e9ece0138f40ef07cca
CU2764,Sarah,Garcia,male,yes,1969-07-19,nicholas70@example.net,c1a4adc6448bb6950a9ea72c25dffdcbdf71d7eb4d30c6cadf285f7673873049
CU6884,Dana,Lawrence,female,no,1949-08-31,brent82@example.org,23cc8bc8ef265cde9a04673f25da1c9ef29740abf8d439388b91018d81ec6dfe
CU2247,Martin,Gibson,female,no,1997-07-26,amandabenson@example.com,78b60ac81d5fdd30ba26361b29595ee9e979e781173d652d259af48d13ebffbf
CU2104,Philip,Coleman,female,yes,2006-01-19,paulsimon@example.com,873564f4965bb2077a3a17a76f3eb1ab2f2e0cc0a1b22f5764f9fd2bfb970825
CU9742,Chad,Hensley,male,yes,1944-06-04,gabriellejohnston@example.com,31803c83caedf00b196e8b643416f32161038e90b6d5caa37518ce77b50e3227
CU9209,Scott,Taylor,female,yes,1945-04-22,shepherdsophia@example.org,b69188fa004475eaecd784049b542372f871254dbe6f5aa710bddf04dcc21651
CU8223,Alexandra,Fritz,female,no,2005-06-05,kennethsmith@example.com,d49c0be876e4058a72ed81b5cac5f4fe2aeaf126a6b2459a4f4856c39be4c597
CU0273,Ronald,Hill,male,no,2001-09-03,joshua26@example.net,daa7350525c4394e114e4fa5ea078a3a88a97089d402804bfef363894e9afbf6
CU1823,Brian,Russell,female,no,2000-05-11,howardjessica@example.net,635365531467855398d726a1ca2788c304385f1dcd71d956c1b3f495d93bb65a
CU0251,Brandy,Perez,female,yes,1978-09-28,dawn01@example.org,1a3408108729e3d1965fe0f920b9ee6b10413bb03474a02bf11d479549debf68
CU6985,Jessica,Anderson,male,no,1935-07-14,ronald10@example.org,9bda2726bce1a20c06d56cfd7bed39b783d60b41cb086e84c8c4632987559a1d
CU1703,Nancy,Chandler,female,yes,1982-10-03,lwilliams@example.net,fb657d3d18ab0b74be173c2c13b08a199448676e9464b5ffe9feaccea3dd33cb
CU5665,Anna,James,male,yes,1950-03-07,nwoods@example.net,71fffb7a38192b096491c5dbc223cc97889103cc4e0d4eb6820e2e2d6fe74b9e
CU0349,Jon,Smith,male,yes,1974-10-29,martinbrian@example.org,8318e59d48a1f6af2f30d61b130b55d61b703551087d22eaf9f4507d3dcb9b99
CU3499,Michael,Skinner,male,yes,1958-05-10,pklein@example.org,00d308d18aa915dde5566df36caac045ffd203d665b347559f356e28bee0c9b7
CU0613,Alex,Walker,male,yes,1993-04-09,rodneymelton@example.org,76df2f4743c8728da338536598938fb9451c6e534ffa7c0d9c8740e05b369480
CU1890,Rhonda,White,male,yes,1954-10-12,dominique92@example.com,4debc5207f9e2891e3bf6b9f1a4734cf6a326c4b4e85f53ff9506b849c4a7d54
CU3952,Heather,Turner,female,yes,1992-08-25,christopher27@example.net,bce8fff7d5ebc095673df04cc04bea2c1ed035b8d59f0e6ab0d259045808a6b6
CU9615,Stephen,Warner,male,yes,1988-10-13,kimberlyrussell@example.net,e8c68d9e1cba7913b73ebf3e4c49a0ab069860b6d4b12af98ffaed3587df517d
CU0484,Lisa,Murphy,female,yes,1944-06-18,scottwolf@example.org,8e0d071ab30ec98b6a892d7ce8bd615da9e45b3e5e71432bd8943c81af8b01bd
CU3026,Linda,Solomon,male,no,1950-04-30,youngcatherine@example.com,e59a3eb72513b327dfa1fca084483fbd6d077fda7b4de9e6660063132a2f5a7e
CU0745,Michael,Young,female,no,1953-08-05,ericbishop@example.net,a4b8f6891cedd0c71ccec73cab5d4ff708f1807900ee716ffef574202e439200
CU3660,Sarah,Jones,female,no,1955-10-21,tjones@example.org,e2c1b7c6235c757e6883fc1e1beb1c0bc29440308642bf41ea8bfc1d3b42dd71
CU3842,Robert,Rivera,male,no,2001-09-29,christophertrujillo@example.org,54a93f2f0e41bdd125960cd78f67db659c6408d43e45e5b8371d0eda44bd3bbe
CU1506,Tonya,Perez,male,yes,1940-12-19,walkerfrederick@example.org,169955659f9517261e495a0c0860e5db0c76eee1bdea9046c4f659fd155f6b07
CU9173,Rebecca,Johnson,female,no,1991-05-11,mary86@example.com,44ef0ea8c322a7d12eaac2c2dc72139756556593834136feebf2a35d2bfc1bb8
CU1682,Brittany,Davis,male,no,1980-05-28,edwinhopkins@example.org,69e926a736ba7918910afd3d5db87d449d17b43cc3108ad80bfc01c70dfc24dd
CU6999,Benjamin,Chandler,male,yes,1960-06-18,mike90@example.com,51f21e250f5eec76212eef9e525b71b09f0c3eae5600f2210fe7e3f1f9e8091e
CU2474,Jeffrey,Lane,male,yes,1944-07-16,wilsondevin@example.org,1731c09e42554fa70aa26ab981194e056ec9d04ccd26ebbce33a2b40925b9072
CU8933,Angela,Gallegos,male,no,1982-07-11,dcantrell@example.org,37adc78020c016e6ed23217d1a794b3af67f6434cdf34f07760355e9510f1852
CU1155,Erin,Preston,male,yes,1975-05-04,derek44@example.com,b4206ddcf567def5b2c6b864286ef2f89aae3a2f86e6287ce4fb8eaf38137596
CU0922,Ryan,Ortiz,male,yes,2002-04-01,cantuaaron@example.org,bdd0788ae5a8930b1b980f00ac7c5bc65e47f4ce0e4cf1337caf8e7cbcc72f80
CU0014,Justin,Morris,female,yes,1954-08-15,xjohnston@example.net,1c4625bb88d6c526c13f51afbbb67882873cc002b9fe90d609ab831c8bb7d081
CU6746,Ashley,Gillespie,male,yes,1969-10-31,lisadavis@example.net,dd2aa49faf32646b8e2e9cc8bcbdd96d8b8bb2d9ca166b049964cc68be84fca7
CU1544,Tammy,Wright,male,yes,2001-10-26,corycook@example.com,806b28aad6d4ac84c57de68dc0a15589c83d2b32c33dd1b29dce44641b926ac4
CU5414,Nicole,Henry,female,yes,1960-07-26,timothy46@example.org,62b210a317fa9bc57e44cbdeb8f890c2cc3fb27463d8ec025a7a1669e02785bd
CU5069,Brett,Simon,male,no,1938-12-17,mcbridejeffrey@example.net,0a72d8f3487d1aa5eb0bafb911a695b589955cbf7acfdc9e4671c23496f704bd
CU7341,Richard,Santos,male,no,1996-05-06,allen97@example.com,4d19b2840f8aac12ea7afbbe792f840adffea63fa1477a5105fa291cc574e714
CU9230,John,Rodriguez,female,no,1939-07-09,thomas50@example.net,23e2c4b022b3050024977b2d15328e8bfcd4bb5f7260cb6b60f88fce61160b75
CU0143,Judy,Johnston,male,no,1955-09-27,sherylbrennan@example.com,523327654fb3796e8740771d2db7dd731a5c43b53788fe12ba10ed7e0a0eaf53
CU4441,Carolyn,Brown,male,no,1969-08-04,tjohnson@example.com,ee811a1e66794c62326ab0d579619ab45d2a0cfdeb8fba2b3a98828d0778d622
CU2868,Jamie,Perez,male,no,1963-06-01,kmiller@example.net,05bc64ed1047769e6ab6e001b8e35d12308ca2494cb1b64764abb806792170ba
CU3145,Alex,Herman,male,no,1954-11-29,joshuachapman@example.org,38848140e53679907ef68b005722364bf063596cf6edcb3e49af6901c6cacdfc
CU9564,Tyler,Kline,male,no,1974-06-15,vincent88@example.org,b95cd18d659715a8969eb677fba392499bf2a27d2a87b4bf8e5408bac4940f50
CU6045,Amber,Walters,female,yes,1942-10-23,melanie70@example.net,37058776a1d656ce8907c2536d0cf556b71ed57bd6843336887341fccbb789ef
CU3085,Sheila,Newton,male,no,1990-10-06,tbonilla@example.com,32594b0dbe3afb1e252c95bbf71a05c5040675e28f1fdaaf4145a0d5abbaae44
CU0891,Catherine,Edwards,female,no,1937-06-23,toddcampbell@example.com,cf60af582a41cc1a84fbbee94d0eba38320c1ceb8458b86331bbda8b4a50ea28
CU9029,David,Fleming,male,yes,1975-08-06,millerrichard@example.org,215d13e42aa1f364814b7c37e58d663450df32b4bb28e6cec0c9d98908979c23
CU0054,Stephanie,Allen,female,yes,1945-04-23,murphykathleen@example.net,30242ab15cc31e509cea8d636f81cb9acd9ba54d5bc81f8635f40e82f56df5d3
CU0170,Jesse,Torres,male,yes,1958-07-10,vcollins@example.com,5076c377c22a23bfcd23bfbd5f6e3d3ece3e1f0931aafbe1aa9b8d863425246b
CU6806,Lucas,Owens,male,yes,1982-05-18,fmartin@example.net,dea7d0f0f6295d9a3227b5a9a9c21077590b8967958da61f3adec635ce224ef8
CU6312,Victor,Ryan,male,yes,1981-05-17,wrightmichael@example.com,8a7dd7bc5e7c17bd30f6ff2e12203fb3f87d7833069a7bd0df1c156fff251199
CU4518,Holly,James,female,no,1952-11-02,tjohnson@example.org,4dedb700a8499346e3d0d06213826e51be6230e9b8dc7c67334320c12f3ac361
CU9202,Luis,Baker,male,no,1989-03-01,franciscosolis@example.net,1722da95c6e1f3a4d41d565beaff424c52a2ac32d367984a63dbabed5fa7d2d3
CU6573,Christopher,Lloyd,female,no,1943-07-11,steven95@example.net,dc5a980264c21747b31e7489d8f0956a273c3c79c50be361f2df0ff7c23ac61f
CU4221,Oscar,Sawyer,male,no,1999-02-08,stewartedward@example.org,b5d1026d5a7cde2ed894daae6d67979b432cc4f92b54f1f0a384be80facaa221
CU4770,Carl,Booker,male,yes,1969-06-04,christopher41@example.net,48c990a30ff90c649ee514ee39c4e00fc6c45892c34bc0f35a3a147757e4dee4
CU7115,Marissa,Williams,female,no,2003-04-05,lynndrake@example.org,84ec954c9db4b77e1253d6012c8fb665d5fa1ebef8ecac7d3ce050e06ea6fdfa
CU1297,Kathryn,Stewart,male,no,1944-05-26,twilliams@example.org,02073ba07d96d14260586ac0d2ba5af01617838b1955200c8a040b8b826c8b45
CU5134,Jason,Walker,male,yes,1951-03-06,nicole48@example.org,5890313e00cbb1ad3c4a347bf7147ac26fab92374f0e1932a926e9f526fe714b
CU1879,Daniel,Spencer,female,no,1984-08-26,shannonsean@example.com,4b6c89217974843860b2b4cbd8fd169c600cf356201335eb27f249aed457c188
CU5692,Tonya,House,female,no,1988-09-05,robertreynolds@example.net,218b5abca25b3b53ebfbcdce35c9c7b850ad1bdc3b8bdd4d1e576ff4a0771891
CU8004,James,Ibarra,female,no,1959-03-05,ballsarah@example.com,826238b7450ca6d67d32a9a0bffa1c4e01478a1078941718972fefe2e11e5fc5
CU2139,James,Saunders,male,no,1963-03-13,wendymoss@example.org,5b71266efbe4b2599a9c4b9debdde3a380acf7d6f7540c01a8b9bb033e07ebb6
CU6065,Paula,Garcia,male,yes,1991-03-31,beardangela@example.com,eaa7f31e330e386e6627b893f06fa85c596410506bdd30067551ffd49fc69312
CU0058,Daniel,Russo,male,no,1973-11-29,jacqueline65@example.net,58ad9e58ba47bb0a62b1f872db502aa2fdf495ff6bbad9a87f8cd4cf3995b901
CU0957,Monica,Meyers,female,yes,1972-01-16,angelamarquez@example.com,7f875aff7f06a5b4b5e892ea48bf35786cfe2bbb80a77e39273c49b2295bffc2
CU1827,Amanda,Ryan,male,no,1965-02-02,parkererica@example.net,5cc7cd95f1f0abbb3d34d0ffcb7549a0d74f2485b8588a38fc492451aa7cda23
CU5565,Scott,Hamilton,female,yes,1992-06-12,michaelconner@example.com,43dffa522ae45a7e3950e681b0bd21562de45a0576523de51a66b79eef704878
CU7769,Aaron,Clements,male,yes,1943-07-04,hreyes@example.org,ab192a674ab26acabc8c34c656f9c57668dffee8333e3042b23f4523799085db
CU3497,Marc,Dalton,male,yes,1949-01-12,wlawrence@example.com,772fbf985d1ffa95c3627e7e0a5526f62269543ba43c26c03d7356dc10ae55a9
CU9677,Stephen,Barber,male,no,1941-09-10,thompsonsamuel@example.com,2ff4281db2c70c30a5148a48f18b78d58b5fecea807e80bc5291eb779384fda2
CU4804,Rachel,Parrish,male,yes,1943-01-12,stevencollins@example.net,7c005d48812c6737f1b8a5d92b29e359860d8514ea83676b51988cffdee72082
CU0297,Connie,White,female,yes,1999-04-25,joshuawang@example.net,9968f2053b10bb728774ecf2b8f7e7fb51d20745087569020b22cc3b487884be
CU2469,Steven,Bowman,female,yes,1941-02-11,kyliecox@example.com,3ed325077669e288b3ac7574bee3b62a8dce80624337af26d9837c77fd6f146b
CU8674,Julie,Diaz,female,no,1988-05-22,erinjones@example.net,898a1bccd776d5693b6bdb889679ed8413d3cff2c2d29bdd76c0e119a883af8a
CU4321,Marie,Moore,male,yes,1982-06-25,vmartinez@example.com,dbff78869ce39cf1541917f3e13f1091499f8dac5f230fe6e23d9afd0f20129a
CU0973,Thomas,Brown,female,yes,1952-02-13,ginamoody@example.org,67987fa0929c093a7c7bb4a2bc34e07e6ee9ec6c87976fd9f653ecd580798b89
CU2339,George,Thompson,female,yes,1998-05-13,gomezsusan@example.org,038802e3bb7b4a28d719dcc744789bccbd86a582ef2b333edb4514ec35112b0d
CU4921,Philip,Anderson,male,yes,1972-03-03,jonesmichael@example.net,e0c3955c9dd1763f1f7f7c2c1a2fa10007070c6b7fc752b20fabea420f9f5c8f
CU5721,George,Stewart,male,yes,1942-09-04,william04@example.com,2a6ee9d835b2cacbcc4930fcbb9e443a5db18ffab5b0573e3fb3fcac60d5819d
CU3017,Thomas,Deleon,female,no,1969-02-22,robert87@example.org,e7959d401dcac92fccaccd5057f418af67c5084ffbe6dbacb8297592b7d1797d
CU3595,Emily,Wilson,female,no,1984-09-16,adam72@example.net,24429df01758a433452919b7d14f8a5751db1f790dbebf50e19f0d295df5912c
CU4250,Audrey,Thompson,female,yes,1979-04-24,melissa31@example.org,c2584451205afe0d43bb07a9a4ffc18abb27f0dca15642ea47aacdffab36cd98
CU5422,Ann,Keller,male,yes,1937-12-11,charris@example.org,88b4b1b24029df39a0e928e183763a917fc52b75745d3cee1c120ea05a0fadee
CU8798,Tara,Grant,male,no,1961-04-11,ahogan@example.net,49cf08804cdfcbfcc4464b69a3e1a2bc47b809d4be20b425be72ff78af8b57ef
